駅名,住所,URL
南えちぜん山海里 [ Minamiechizen Sankairi],南条郡南越前町牧谷第39-2-2,https://www.kkr.mlit.go.jp/road/michi_no_eki/contents/fukui/minamiechizensankairi.html
越前おおの荒島の郷 [ Echizen Ono Arashima no Sato],大野市蕨生第137号21番地1,https://www.kkr.mlit.go.jp/road/michi_no_eki/contents/fukui/echizenonoarashimanosato.html
恐竜渓谷かつやま[ Kyouryukeikoku Katsuyama ],勝山市荒土町松ヶ崎第１号１７番地,https://www.kkr.mlit.go.jp/road/michi_no_eki/contents/fukui/kyouryukeikokukatsuyama.html
禅の里 [ Zennosato ],吉田郡永平寺町清水第2号21番1,https://www.kkr.mlit.go.jp/road/michi_no_eki/contents/fukui/zennosato.html
一乗谷あさくら水の駅 [ Itijyoudaniasakuramizunoeki ],福井市安波賀中島町1-1-1,https://www.kkr.mlit.go.jp/road/michi_no_eki/contents/fukui/ichijoudaniasakura.html
三方五湖 [ Mikatagoko ],三方上中郡若狭町鳥浜122－31－1,https://www.kkr.mlit.go.jp/road/michi_no_eki/contents/fukui/mikatagoko.html
越前 [ Echizen ],丹生郡越前町厨第71号335番地1,https://www.kkr.mlit.go.jp/road/michi_no_eki/contents/fukui/echizen.html
西山公園 [ Nishiyama Park ],鯖江市桜町３丁目950番,https://www.kkr.mlit.go.jp/road/michi_no_eki/contents/fukui/nisiyamakouen.html
うみんぴあ大飯 [ Ohi ],大飯郡おおい町成海1-1-2,https://www.kkr.mlit.go.jp/road/michi_no_eki/contents/fukui/uminpiaooi.html
若狭おばま [ Wakasa Obama ],小浜市和久里24-45-2,https://www.kkr.mlit.go.jp/road/michi_no_eki/contents/fukui/wakasaobama.html
シーサイド高浜 [ Takahama ],大飯郡高浜町下車持46-10,https://www.kkr.mlit.go.jp/road/michi_no_eki/contents/fukui/seasidetakahama.html
さかい [ Sakai ],坂井市坂井町蔵垣内34-14-1,https://www.kkr.mlit.go.jp/road/michi_no_eki/contents/fukui/sakai.html
若狭熊川宿 [ Wakasa Kumakawajuku ],三方上中郡若狭町熊川11-1-1,https://www.kkr.mlit.go.jp/road/michi_no_eki/contents/fukui/wakasakumakawasyuku.html
みくに [ Mikuni ],坂井市三国町山岸67-3-1,https://www.kkr.mlit.go.jp/road/michi_no_eki/contents/fukui/mikuni.html
名田庄 [Natasho],大飯郡おおい町名田庄納田終109号4番地の1,https://www.kkr.mlit.go.jp/road/michi_no_eki/contents/fukui/natasyou.html
パークイン丹生ヶ丘 [ Park In Nyugaoka ],丹生郡越前町上川去45-1-7,https://www.kkr.mlit.go.jp/road/michi_no_eki/contents/fukui/parkinnyugaoka.html
九頭竜 [ Kuzuryu ],大野市朝日26-30-1,https://www.kkr.mlit.go.jp/road/michi_no_eki/contents/fukui/kuzuryu.html
河野 [ Kouno ],南条郡南越前町大谷,https://www.kkr.mlit.go.jp/road/michi_no_eki/contents/fukui/kouno.html
浅井三姉妹の郷 [ azaisansimainosato ],長浜市内保町2843,https://www.kkr.mlit.go.jp/road/michi_no_eki/contents/shiga/azaisansimai.html
アグリパーク竜王 [ Aguri Park Ryuo ],蒲生郡竜王町山之上6526番地,https://www.kkr.mlit.go.jp/road/michi_no_eki/contents/shiga/aguriparkryuou.html
奥永源寺 渓流の里 [ Okueigenji Keiryunosato ],東近江市蓼畑町510番地,https://www.kkr.mlit.go.jp/road/michi_no_eki/contents/shiga/okueigenji.html
妹子の郷 [ Imokonosato ],大津市和邇中528,https://www.kkr.mlit.go.jp/road/michi_no_eki/contents/shiga/imokonosato.html
せせらぎの里こうら [ Seseraginosatokoura ],犬上郡甲良町金屋1549番地4,https://www.kkr.mlit.go.jp/road/michi_no_eki/contents/shiga/seseraginosato.html
塩津海道あぢかまの里 [Shiotsukaidou　Adikamanosato],長浜市西浅井町塩津浜1765番地,https://www.kkr.mlit.go.jp/road/michi_no_eki/contents/shiga/adikama.html
伊吹の里 [ Ibukinosato ],米原市伊吹1732-1,https://www.kkr.mlit.go.jp/road/michi_no_eki/contents/shiga/ibukinosato.html
藤樹の里あどがわ [Tojunosato　Adogawa],高島市安曇川町青柳1162番地1,https://www.kkr.mlit.go.jp/road/michi_no_eki/contents/shiga/adogawa.html
マキノ追坂峠 [ Makino Ossakatouge ],高島市マキノ町海津897-27,https://www.kkr.mlit.go.jp/road/michi_no_eki/contents/shiga/makinoossakatouge.html
アグリの郷栗東 [ Agurinosato Ritto ],栗東市出庭961番地1,https://www.kkr.mlit.go.jp/road/michi_no_eki/contents/shiga/agurinosatorittou.html
竜王かがみの里 [ Ryuou Kagaminosato ],蒲生郡竜王町竜王町鏡1231-2,https://www.kkr.mlit.go.jp/road/michi_no_eki/contents/shiga/ryuoukagaminosato.html
草津 [ Kusatsu ],草津市下物町1436番地,https://www.kkr.mlit.go.jp/road/michi_no_eki/contents/shiga/kusatsu.html
湖北みずどりステーション [ Kohoku Mizudori Station ],長浜市湖北町今西1731番地1,https://www.kkr.mlit.go.jp/road/michi_no_eki/contents/shiga/kohokumizudoristation.html
こんぜの里りっとう [ Konzenosato Rittou ],栗東市荒張1-11,https://www.kkr.mlit.go.jp/road/michi_no_eki/contents/shiga/konzenosatorittou.html
近江母の郷 [ Omi Hahanosato ],米原市宇賀野1364-1,https://www.kkr.mlit.go.jp/road/michi_no_eki/contents/shiga/omihahanosato.html
びわ湖大橋米プラザ [ Biwakooohashi Kome Plaza ],大津市今堅田 3-1-1,https://www.kkr.mlit.go.jp/road/michi_no_eki/contents/shiga/biwakoohishikomeplaza.html
東近江市あいとうマーガレットステーション [ Aitou Marguerite Station ],東近江市妹町184番地1,https://www.kkr.mlit.go.jp/road/michi_no_eki/contents/shiga/margueritestation.html
しんあさひ風車村 [ Shinasahi Fuusyamura ],,https://www.kkr.mlit.go.jp/road/michi_no_eki/contents/shiga/shinasahi.html
くつき新本陣 [ Kutsuki Shinhonjin ],高島市朽木市場777,https://www.kkr.mlit.go.jp/road/michi_no_eki/contents/shiga/kutsukishinhonjin.html
あいの土山 [ Ai-no Tsuchiyama ],甲賀市土山町北土山2900,https://www.kkr.mlit.go.jp/road/michi_no_eki/contents/shiga/ainotsuchiyama.html
お茶の京都　みなみやましろ村　[Ocyanokyoto Minamiyamashiromura],相楽郡南山城村北大河原殿田102,https://www.kkr.mlit.go.jp/road/michi_no_eki/contents/kyoto/ocyanokyotominamiyamashiromura.html
海の京都　宮津 [ Uminokyouto Miyazu ],宮津市字浜町3007番地他,https://www.kkr.mlit.go.jp/road/michi_no_eki/contents/kyoto/uminokyoutomiyazu.html
京丹波　味夢の里 [ Kyotamba Ajimnosato ],船井郡京丹波町曽根深シノ65番地1,https://www.kkr.mlit.go.jp/road/michi_no_eki/contents/kyoto/kyotambaajimnosato.html
スプリングスひよし [ Springs－Hiyoshi ],南丹市日吉町中宮ノ向8番地,https://www.kkr.mlit.go.jp/road/michi_no_eki/contents/kyoto/springshiyoshi.html
くみはまSANKAIKAN [ Kumihama sankaikan ],京丹後市久美浜町浦明1709,https://www.kkr.mlit.go.jp/road/michi_no_eki/contents/kyoto/kumihamasankaikan.html
ウッディー京北 [ Woody Keihoku ],京都市右京区京北周山町上寺田1-1,https://www.kkr.mlit.go.jp/road/michi_no_eki/contents/kyoto/woodykeihoku.html
美山ふれあい広場 [ Miyama fureaihiroba],南丹市美山町安掛下23番地,https://www.kkr.mlit.go.jp/road/michi_no_eki/contents/kyoto/miyamafureaihiroba.html
丹後王国「食のみやこ」 [ Tangooukoku shokunomiyako ],京丹後市弥栄町鳥取１２３番地,https://www.kkr.mlit.go.jp/road/michi_no_eki/contents/kyoto/tangooukoku.html
シルクのまち かや [ Silk No Machi Kaya ],与謝郡与謝野町字滝98,https://www.kkr.mlit.go.jp/road/michi_no_eki/contents/kyoto/silknomachikaya.html
京都新光悦村 [ Kyoto Shinkoetsu Mura ],南丹市園部町曽我谷縄手15番地3,https://www.kkr.mlit.go.jp/road/michi_no_eki/contents/kyoto/shinkoetsu.html
舞鶴港とれとれセンター [ Maizuruko Toretore Center ],舞鶴市字下福井905番地,https://www.kkr.mlit.go.jp/road/michi_no_eki/contents/kyoto/toretorecenter.html
農匠の郷やくの（のうしょうのさとやくの） [ Nousyou no sato Yakuno ],福知山市夜久野町平野2150番地,https://www.kkr.mlit.go.jp/road/michi_no_eki/contents/kyoto/yakuno.html
瑞穂の里・さらびき [ Mizuhonosato Sarabiki ],船井郡京丹波町大朴休石10番地1,https://www.kkr.mlit.go.jp/road/michi_no_eki/contents/kyoto/mizuhonosatosarabiki.html
丹波マーケス [ Tanba Markesu ],船井郡京丹波町須知色紙田3番地5,https://www.kkr.mlit.go.jp/road/michi_no_eki/contents/kyoto/tanbamakesu.html
ガレリア かめおか [ GALLERIA KAMEOKA ],亀岡市余部町宝久保1-1,https://www.kkr.mlit.go.jp/road/michi_no_eki/contents/kyoto/gareriakameoka.html
和（なごみ） [ Nagomi ],船井郡京丹波町坂原上モジリ11番地,https://www.kkr.mlit.go.jp/road/michi_no_eki/contents/kyoto/nagomi.html
てんきてんき丹後 [ Tenki Tenki Tango ],京丹後市丹後町竹野313番地の1,https://www.kkr.mlit.go.jp/road/michi_no_eki/contents/kyoto/tenkitenkitango.html
舟屋の里　伊根 [ Hunayanosato Ine ],与謝郡伊根町字亀島459,https://www.kkr.mlit.go.jp/road/michi_no_eki/contents/kyoto/funayanosatoine.html
みさき [ Misaki ],泉南郡岬町淡輪5654-3,https://www.kkr.mlit.go.jp/road/michi_no_eki/contents/osaka/misaki.html
奥河内くろまろの郷 [Okukawachi Kuromaro Village],河内長野市高向1218-1,https://www.kkr.mlit.go.jp/road/michi_no_eki/contents/osaka/kuromaronosato.html
愛彩ランド [ Aisailand ],岸和田市岸の丘町3-6-18,https://www.kkr.mlit.go.jp/road/michi_no_eki/contents/osaka/aisai_land.html
いずみ山愛の里 [Izumiyamaainosato],和泉市仏並町398-1,https://www.kkr.mlit.go.jp/road/michi_no_eki/contents/osaka/izumiyamaai.html
しらとりの郷・羽曳野 [Shiratorinosato・Habikino],羽曳野市埴生野９７５－３,https://www.kkr.mlit.go.jp/road/michi_no_eki/contents/osaka/shiratori_habikino.html
とっとパーク小島 [ Totto Park Koshima ],泉南郡岬町多奈川小島455-1,https://www.kkr.mlit.go.jp/road/michi_no_eki/contents/osaka/tottopark.html
かなん [ Kanan ],南河内郡河南町大字神山523番地1他,https://www.kkr.mlit.go.jp/road/michi_no_eki/contents/osaka/kanan.html
能勢（くりの郷） [ Nose ],豊能郡能勢町平野535番地,https://www.kkr.mlit.go.jp/road/michi_no_eki/contents/osaka/nose.html
近つ飛鳥の里・太子 [ Chikatuasukanosatotaishi ],南河内郡太子町山田2254-3,https://www.kkr.mlit.go.jp/road/michi_no_eki/contents/osaka/chikatuasukanosatotaishi.html
ちはやあかさか [ Chihayaakasaka ],南河内郡千早赤阪村大字二河原辺７,https://www.kkr.mlit.go.jp/road/michi_no_eki/contents/osaka/chihayaakasaka.html
銀の馬車道・神河 [ Ｇinnobasyamichi kamikawa ],神崎郡神河町吉冨88-10,https://www.kkr.mlit.go.jp/road/michi_no_eki/contents/hyogo/ginnobasyamichi.html
山陰海岸ジオパーク浜坂の郷 [ Saninkaigan Jiopark Hamasakanosato],美方郡新温泉町栃谷57,https://www.kkr.mlit.go.jp/road/michi_no_eki/contents/hyogo/saninkaiganjioparkhamasakanosato.html
播磨いちのみや [ Harima ichinomiya ],宍粟市一宮町須行名510-1,https://www.kkr.mlit.go.jp/road/michi_no_eki/contents/hyogo/harimaichinomiya.html
フレッシュあさご [ Fresh Asago ],朝来市岩津96番地,https://www.kkr.mlit.go.jp/road/michi_no_eki/contents/hyogo/freshasago.html
宿場町ひらふく [ Syukubamati Hirafuku ],佐用郡佐用町平福988-1,https://www.kkr.mlit.go.jp/road/michi_no_eki/contents/hyogo/syukubamatihirafuku.html
あゆの里矢田川 [ Ayunosato Yadagawa ],美方郡香美町村岡区長瀬933-1,https://www.kkr.mlit.go.jp/road/michi_no_eki/contents/hyogo/ayunosatoyatagawa.html
とうじょう [ Tojo ],加東市南山1丁目5番地3,https://www.kkr.mlit.go.jp/road/michi_no_eki/contents/hyogo/toujyou.html
いながわ [ INAGAWA ],川辺郡猪名川町万善字竹添70-1,https://www.kkr.mlit.go.jp/road/michi_no_eki/contents/hyogo/inagawa.html
東浦ターミナルパーク [ Higashiura Taminarupa-ku ],淡路市浦648番地,https://www.kkr.mlit.go.jp/road/michi_no_eki/contents/hyogo/higashiuratatarminalpark.html
うずしお [ Uzushio ],南あわじ市福良丙947-22,https://www.kkr.mlit.go.jp/road/michi_no_eki/contents/hyogo/uzushio.html
みき [ Miki ],三木市福井2426,https://www.kkr.mlit.go.jp/road/michi_no_eki/contents/hyogo/miki.html
北はりまエコミュージアム [ Kitaharima Eco-Museum ],西脇市寺内517-1,https://www.kkr.mlit.go.jp/road/michi_no_eki/contents/hyogo/kitaharimaecomum.html
あわじ [ Awaji ],淡路市岩屋1873-1,https://www.kkr.mlit.go.jp/road/michi_no_eki/contents/hyogo/awaji.html
あいおい白龍城 [ AIOIPERONJO ],相生市那波南本町8-55,https://www.kkr.mlit.go.jp/road/michi_no_eki/contents/hyogo/aioipeperonjyou.html
ハチ北 [ Hachikita ],美方郡香美町村岡区福岡608番地の1,https://www.kkr.mlit.go.jp/road/michi_no_eki/contents/hyogo/hachikita.html
あおがき [ Aogaki ],丹波市青垣町西芦田540番地,https://www.kkr.mlit.go.jp/road/michi_no_eki/contents/hyogo/aogaki.html
淡河 [ Ogo ],神戸市北区淡河町淡河字弘法垣643番1,https://www.kkr.mlit.go.jp/road/michi_no_eki/contents/hyogo/ogo.html
丹波おばあちゃんの里 [ Tanba Obaachannnosato ],丹波市春日町七日市７１０番,https://www.kkr.mlit.go.jp/road/michi_no_eki/contents/hyogo/tanbaobaachan.html
但馬のまほろば [ Tajimanomahoroba ],朝来市山東町大月92-6,https://www.kkr.mlit.go.jp/road/michi_no_eki/contents/hyogo/tajimanomahoroba.html
ようか但馬蔵 [ YoukaTajimanokura ],養父市八鹿町高柳２４１－１,https://www.kkr.mlit.go.jp/road/michi_no_eki/contents/hyogo/youkatajimanokura.html
みつ [ Mitsu ],たつの市御津町室津896-23,https://www.kkr.mlit.go.jp/road/michi_no_eki/contents/hyogo/mitsu.html
あまるべ [ Amarube ],美方郡香美町香住区余部1723番地の4,https://www.kkr.mlit.go.jp/road/michi_no_eki/contents/hyogo/amarube.html
福良 [ Fukura ],南あわじ市福良甲1528番地1地先,https://www.kkr.mlit.go.jp/road/michi_no_eki/contents/hyogo/fukura.html
杉原紙の里・多可 [ Sugiharagaminosato Taka ],多可郡多可町加美区鳥羽 733-1,https://www.kkr.mlit.go.jp/road/michi_no_eki/contents/hyogo/rutoyonniinanakami.html
山田錦発祥のまち・多可 [ Yamada-nishiki Rice Birthplace:Taka ],多可郡多可町中区岸上281-1,https://www.kkr.mlit.go.jp/road/michi_no_eki/contents/hyogo/Yamada-nishik-taka.html
神戸フルーツ・フラワーパーク 大沢 [ Kobe Fruit Flower Park Ozo ],神戸市北区大沢町上大沢2150,https://www.kkr.mlit.go.jp/road/michi_no_eki/contents/hyogo/kobefruitflowerparkozo.html
しんぐう [ Shinguu ],たつの市新宮町平野99番地の2,https://www.kkr.mlit.go.jp/road/michi_no_eki/contents/hyogo/shinguu.html
みなみ波賀 [ Minami Haga ],宍粟市波賀町安賀8-1,https://www.kkr.mlit.go.jp/road/michi_no_eki/contents/hyogo/minamihaga.html
但馬楽座 [ Tajima Rakuza ],養父市上野299,https://www.kkr.mlit.go.jp/road/michi_no_eki/contents/hyogo/tanbarakuza.html
やぶ [ Yabu ],養父市養父市場1294-77,https://www.kkr.mlit.go.jp/road/michi_no_eki/contents/hyogo/yabu.html
村岡ファームガーデン [ Muraoka Farm Garden ],美方郡香美町村岡区大糠32-1,https://www.kkr.mlit.go.jp/road/michi_no_eki/contents/hyogo/muraokafarmgarden.html
神鍋高原 [ Kannabe Kougen ],豊岡市日高町栗栖野59-13,https://www.kkr.mlit.go.jp/road/michi_no_eki/contents/hyogo/kannabe.html
ちくさ [ Chikusa ],宍粟市千種町下河野745-5,https://www.kkr.mlit.go.jp/road/michi_no_eki/contents/hyogo/chikusa.html
あさご [ Asago ],朝来市多々良木字牧野213-1,https://www.kkr.mlit.go.jp/road/michi_no_eki/contents/hyogo/asago.html
はが [ Haga ],宍粟市波賀町原149,https://www.kkr.mlit.go.jp/road/michi_no_eki/contents/hyogo/haga.html
なら歴史芸術文化村 [ Nara Prefecture Historical and Artistic Culture Complex ],天理市杣之内町437-3,https://www.kkr.mlit.go.jp/road/michi_no_eki/contents/nara/NaraPrefectureHistoricalandArtisticCultureComplex.html
飛鳥 [ Asuka ],高市郡明日香村大字越6番2,https://www.kkr.mlit.go.jp/road/michi_no_eki/contents/nara/asuka.html
レスティ 唐古・鍵 [ Resti karako kagi ],磯城郡田原本町唐古70-1,https://www.kkr.mlit.go.jp/road/michi_no_eki/contents/nara/karakokagi.html
かつらぎ [ Katsuragi ],葛城市太田1257番,https://www.kkr.mlit.go.jp/road/michi_no_eki/contents/nara/katsuragi.html
伊勢本街道　御杖 [ Isehonkaido Mitsue ],宇陀郡御杖村大字神末6325番地,https://www.kkr.mlit.go.jp/road/michi_no_eki/contents/nara/isehonkaidomitsue.html
吉野路大淀iセンター [ Yoshinoji Oyodo i center ],吉野郡大淀町大字芦原536-1,https://www.kkr.mlit.go.jp/road/michi_no_eki/contents/nara/yoshinojioyadoicenter.html
大和路へぐり [ Yamatoji Heguri ],生駒郡平群町平等寺75-1,https://www.kkr.mlit.go.jp/road/michi_no_eki/contents/nara/yamatojiheguri.html
針T.R.S(テラス） [ Hari Tea Time Resort Station ],奈良市針町345番地,https://www.kkr.mlit.go.jp/road/michi_no_eki/contents/nara/hariteatimeresortstation.html
宇陀路　室生 [ Udaji Murou ],宇陀市室生三本松3176-1,https://www.kkr.mlit.go.jp/road/michi_no_eki/contents/nara/udajimurou.html
十津川郷 [ Totukawagou ],吉野郡十津川村小原225-1,https://www.kkr.mlit.go.jp/road/michi_no_eki/contents/nara/totukawagou.html
宇陀路　大宇陀 [ Udaji Oouda ],宇陀市大宇陀拾生714-1,https://www.kkr.mlit.go.jp/road/michi_no_eki/contents/nara/udajioouda.html
ふたかみパーク當麻 [ Futakami Park Taima ],葛城市新在家402-1,https://www.kkr.mlit.go.jp/road/michi_no_eki/contents/nara/futakamiparktaima.html
吉野路　黒滝 [ Yoshinoji Kurotaki ],吉野郡黒滝村長瀬22,https://www.kkr.mlit.go.jp/road/michi_no_eki/contents/nara/yoshinojikurotaki.html
杉の湯　川上 [ Suginoyu Kawakami ],吉野郡川上村 迫695,https://www.kkr.mlit.go.jp/road/michi_no_eki/contents/nara/suginoyukawakami.html
吉野路　上北山 [ Yoshinoji Kamikitayama ],吉野郡上北山村河合1-1,https://www.kkr.mlit.go.jp/road/michi_no_eki/contents/nara/yoshinojikamikitayama.html
吉野路　大塔 [ Yoshinoji Ootou ],五條市大塔町阪本225-6,https://www.kkr.mlit.go.jp/road/michi_no_eki/contents/nara/yoshinojiootou.html
四季の郷公園 [Shikinosato　Park ],和歌山市明王寺８５番地,https://www.kkr.mlit.go.jp/road/michi_no_eki/contents/wakayama/Shikinosatokouen.html
ねごろ歴史の丘 [ Negoro rekishinooka ],岩出市根来2020-1,https://www.kkr.mlit.go.jp/road/michi_no_eki/contents/wakayama/negororekishinooka.html
くしがきの里 [ kushigakinosato ],伊都郡かつらぎ町大字滝５３番地の１,https://www.kkr.mlit.go.jp/road/michi_no_eki/contents/wakayama/kushigakinosato.html
たいじ [ Taiji ],東牟婁郡太地町森浦143-1,https://www.kkr.mlit.go.jp/road/michi_no_eki/contents/wakayama/taiji.html
青洲の里 [ Seishunosato ],紀の川市西野山473番地,https://www.kkr.mlit.go.jp/road/michi_no_eki/contents/wakayama/seishunosato.html
すさみ [ Susami ],西牟婁郡すさみ町江住808-1,https://www.kkr.mlit.go.jp/road/michi_no_eki/contents/wakayama/susami.html
かつらぎ西 [ Katsuraginishi ],"伊都郡かつらぎ町
〔上り〕大字笠田東１２７１番地の２８
〔下り〕大字笠田東１２７０番地の２２",https://www.kkr.mlit.go.jp/road/michi_no_eki/contents/wakayama/katsuraginishi.html
くちくまの [ Kuchikumano ],西牟婁郡上富田町岩崎555-5,https://www.kkr.mlit.go.jp/road/michi_no_eki/contents/wakayama/kuchikumano.html
虫喰岩 [ Mushikuiiwa ],東牟婁郡古座川町池野山705-1,https://www.kkr.mlit.go.jp/road/michi_no_eki/contents/wakayama/musikuiiwa.html
柿の郷くどやま [ Kakinosatokudoyama ],伊都郡九度山町入郷5-5,https://www.kkr.mlit.go.jp/road/michi_no_eki/contents/wakayama/kakinosatokudoyama.html
くしもと橋杭岩 [ kushimotohasiguiiwa ],東牟婁郡串本町鬮野川1549-8,https://www.kkr.mlit.go.jp/road/michi_no_eki/contents/wakayama/hasiguiiwa.html
田辺市龍神ごまさんスカイタワー [ Tanabeshi Ryujin Gomasan Sky Tower ],田辺市龍神村龍神1020-6,https://www.kkr.mlit.go.jp/road/michi_no_eki/contents/wakayama/gomasanskytower.html
瀧之拝太郎 [ Takinohaitaro ],東牟婁郡古座川町小川774番地,https://www.kkr.mlit.go.jp/road/michi_no_eki/contents/wakayama/takinohaitaro.html
なち [ Nachi ],東牟婁郡那智勝浦町浜ノ宮361-2,https://www.kkr.mlit.go.jp/road/michi_no_eki/contents/wakayama/nachi.html
椿はなの湯 [ Tsubakihananoyu ],西牟婁郡白浜町椿1058-1,https://www.kkr.mlit.go.jp/road/michi_no_eki/contents/wakayama/tsubaki.html
白崎海洋公園 [ Shirasakikaiyoukouen ],日高郡由良町大字大引960-1,https://www.kkr.mlit.go.jp/road/michi_no_eki/contents/wakayama/shirasaki.html
一枚岩 [ Ichimaiiwa ],東牟婁郡古座川町相瀬290-2,https://www.kkr.mlit.go.jp/road/michi_no_eki/contents/wakayama/ichimaiiwa.html
あらぎの里 [ Araginosato ],有田郡有田川町大字三田664-1,https://www.kkr.mlit.go.jp/road/michi_no_eki/contents/wakayama/araginosato.html
根来さくらの里 [ Negorosakuranosato ],岩出市押川37-1,https://www.kkr.mlit.go.jp/road/michi_no_eki/contents/wakayama/negorosakuranosato.html
明恵ふるさと館 [ Myoue furusato kan ],有田郡有田川町金屋322-1,https://www.kkr.mlit.go.jp/road/michi_no_eki/contents/wakayama/myouehurusatokan.html
水の郷日高川　龍游 [ Mizunosato-Hidakagawa Ryuyu ],田辺市龍神村福井511,https://www.kkr.mlit.go.jp/road/michi_no_eki/contents/wakayama/mizunosatohidakagawaryuyu.html
おくとろ [ Okutoro ],東牟婁郡北山村下尾井335,https://www.kkr.mlit.go.jp/road/michi_no_eki/contents/wakayama/okutoro.html
奥熊野古道ほんぐう [ Oku-kumanokodou-hongu ],田辺市本宮町伏拝904-4,https://www.kkr.mlit.go.jp/road/michi_no_eki/contents/wakayama/okukumanokodouhonguu.html
紀の川万葉の里 [ Kinokawa Manyounosato ],伊都郡かつらぎ町窪487-2,https://www.kkr.mlit.go.jp/road/michi_no_eki/contents/wakayama/kinokawamanyounosato.html
瀞峡街道　熊野川 [ Dorokyokaido　Kumanogawa ],新宮市熊野川町田長４７番地,https://www.kkr.mlit.go.jp/road/michi_no_eki/contents/wakayama/dorokyokaidoukumanogawa.html
紀州備長炭記念公園 [ kisyu binchoutan kinen kouen ],田辺市秋津川1491-1,https://www.kkr.mlit.go.jp/road/michi_no_eki/contents/wakayama/kisyubinchoutankinenkouen.html
みなべうめ振興館 [ Minabe Umeshinkoukan ],日高郡みなべ町谷口538番地1,https://www.kkr.mlit.go.jp/road/michi_no_eki/contents/wakayama/minabeumesihnkoukan.html
しらまの里 [ Shiramano sato ],有田郡有田川町宇井苔213-1,https://www.kkr.mlit.go.jp/road/michi_no_eki/contents/wakayama/shiramanosato.html
熊野古道中辺路 [ Kumanokodonakahechi ],田辺市中辺路町近露2474-1,https://www.kkr.mlit.go.jp/road/michi_no_eki/contents/wakayama/kumanokodonakahechi.html
志原海岸 [ Shiharakaigan ],西牟婁郡白浜町日置2039-73,https://www.kkr.mlit.go.jp/road/michi_no_eki/contents/wakayama/shiharakaigan.html
イノブータンランド・すさみ [ Inobuutanland-Susami ],西牟婁郡すさみ町 見老津1-32,https://www.kkr.mlit.go.jp/road/michi_no_eki/contents/wakayama/inobuutanlandsusami.html
龍神 [ Ryuujin ],田辺市龍神村龍神170-3,https://www.kkr.mlit.go.jp/road/michi_no_eki/contents/wakayama/ryuujin.html
ふるさとセンター大塔 [ Furusato Center Ootou ],田辺市鮎川997-1,https://www.kkr.mlit.go.jp/road/michi_no_eki/contents/wakayama/furusatocenterootou.html
San Pin 中津 [ San Pin Nakatsu ],日高郡日高川町大字船津８２０番地,https://www.kkr.mlit.go.jp/road/michi_no_eki/contents/wakayama/sanpinnakatsu.html
しみず [ Shimizu ],有田郡有田川町大字清水607,https://www.kkr.mlit.go.jp/road/michi_no_eki/contents/wakayama/shimizu.html
